{"cameraMode":{"drawMode":0,"name":"Shaded","section":"Shading Mode"},"sceneLighting":false,"audioPlay":false,"sceneViewState":{"showFog":true,"showMaterialUpdate":false,"showSkybox":true,"showFlares":true,"showImageEffects":true,"showParticleSystems":true},"in2DMode":false,"pivot":{"x":47.77479934692383,"y":-20.14022445678711,"z":4.994113922119141},"rotation":{"x":0.31752699613571169,"y":0.5030478239059448,"z":-0.20554473996162415,"w":0.7771045565605164},"size":48.19659423828125,"orthographic":false}