{"cameraMode":{"drawMode":0,"name":"Shaded","section":"Shading Mode"},"sceneLighting":false,"audioPlay":false,"sceneViewState":{"showFog":true,"showMaterialUpdate":false,"showSkybox":true,"showFlares":true,"showImageEffects":true,"showParticleSystems":true},"in2DMode":false,"pivot":{"x":35.527565002441409,"y":-17.87638282775879,"z":14.938735961914063},"rotation":{"x":0.4360639452934265,"y":0.15260136127471925,"z":-0.07530191540718079,"w":0.8836923241615295},"size":60.42414093017578,"orthographic":false}